{"val_loss": [1.3992384811401368, 1.1855413181304932, 0.9359026860237122, 0.8447850011825562], "val_acc": [0.5383, 0.5934, 0.6814, 0.7109], "loss": [1.6666845332336426, 1.1766351316070556, 0.992939955406189, 0.8827122730636596], "acc": [0.44608, 0.59538, 0.65614, 0.6955]}